"team_id","team_name","Win_m2_T1","Win_m1_T1","Win_0_T1","Win_p1_T1","Win_p2_T1","Win_m2_T2","Win_m1_T2","Win_0_T2","Win_p1_T2","Win_p2_T2","Win_m2_T3","Win_m1_T3","Win_0_T3","Win_p1_T3","Win_p2_T3","Win_m2_T4","Win_m1_T4","Win_0_T4","Win_p1_T4","Win_p2_T4","Draw_m2_T1","Draw_m1_T1","Draw_0_T1","Draw_p1_T1","Draw_p2_T1","Draw_m2_T2","Draw_m1_T2","Draw_0_T2","Draw_p1_T2","Draw_p2_T2","Draw_m2_T3","Draw_m1_T3","Draw_0_T3","Draw_p1_T3","Draw_p2_T3","Draw_m2_T4","Draw_m1_T4","Draw_0_T4","Draw_p1_T4","Draw_p2_T4","Loss_m2_T1","Loss_m1_T1","Loss_0_T1","Loss_p1_T1","Loss_p2_T1","Loss_m2_T2","Loss_m1_T2","Loss_0_T2","Loss_p1_T2","Loss_p2_T2","Loss_m2_T3","Loss_m1_T3","Loss_0_T3","Loss_p1_T3","Loss_p2_T3","Loss_m2_T4","Loss_m1_T4","Loss_0_T4","Loss_p1_T4","Loss_p2_T4","n_from_state_m2_T1","n_from_state_m1_T1","n_from_state_0_T1","n_from_state_p1_T1","n_from_state_p2_T1","n_from_state_m2_T2","n_from_state_m1_T2","n_from_state_0_T2","n_from_state_p1_T2","n_from_state_p2_T2","n_from_state_m2_T3","n_from_state_m1_T3","n_from_state_0_T3","n_from_state_p1_T3","n_from_state_p2_T3","n_from_state_m2_T4","n_from_state_m1_T4","n_from_state_0_T4","n_from_state_p1_T4","n_from_state_p2_T4"
42,"Arsenal",0.12416457850672,0.36610566067863,0.625010249311422,0.829712513262018,0.932603384669396,0.0723200608984539,0.29107089145906,0.555901458517481,0.831737113586839,0.954651428542406,0.0206705592383109,0.114707291454145,0.405149659611383,0.825390302771648,0.960131000275565,0.0110531661707824,0.0913728403451348,0.212188281166756,0.829409202163272,0.984736612825135,0.121454916266572,0.245296300897633,0.232332958738953,0.123919322602845,0.0513238001674466,0.094917476702773,0.261989340215537,0.284580293605407,0.123318586146298,0.0357676167884326,0.0554699533733704,0.275124352650346,0.462952533994629,0.139133342189576,0.0318645578397865,0.0330052989018615,0.272843804255388,0.633604664507206,0.137199184332311,0.012275716492891,0.754380505226708,0.388598038423737,0.142656791949625,0.0463681641351368,0.016072815163157,0.832762462398773,0.446939768325403,0.159518247877112,0.0449443002668625,0.0095809546691613,0.923859487388319,0.610168355895509,0.131897806393988,0.0354763550387757,0.0080044418846484,0.955941534927356,0.635783355399477,0.154207054326039,0.0333916135044177,0.00298767068197421,NA,2,32,10,NA,NA,6,26,21,12,NA,3,11,16,14,NA,6,13,15,20
66,"Aston Villa",0.084209474395064,0.245286999892448,0.485393300325637,0.790754704013086,0.933992419362785,0.0596383264378359,0.233917183784617,0.471199460866464,0.795091725362884,0.964686215509148,0.00803448037948056,0.154030594691314,0.46267014594271,0.910566486992365,0.980021887490459,0.00279259861562484,0.0822885725404119,0.396737076386718,0.966710973095433,0.991862682312217,0.0629457400853087,0.165519446048018,0.211996346169341,0.119800996317658,0.0422065994520373,0.0472989035825225,0.174571553002451,0.272147381364155,0.119671969024411,0.0255792286951185,0.00961356235357193,0.166984239293749,0.413567880276443,0.0726543345974397,0.0170708426015123,0.0039632853889645,0.116784809461487,0.563053440371399,0.0310702023803603,0.00759493835964364,0.852844785519628,0.589193554059534,0.302610353505022,0.0894442996692554,0.0238009811851783,0.893062769979642,0.591511263212932,0.256653157769381,0.0852363056127045,0.00973455579573318,0.982351957266948,0.678985166014937,0.123761973780847,0.0167791784101955,0.00290726990802833,0.993244115995411,0.800926617998101,0.0402094832418829,0.00221882452420669,0.000542379328139413,1,8,32,7,NA,4,15,26,13,3,6,9,15,10,6,9,6,11,13,9
35,"Bournemouth",0.0637801840037402,0.167378163817221,0.309142520800908,0.538818778768615,0.695982193284313,0.0415806169008516,0.115875747298332,0.250754203622234,0.569309628642282,0.79327383084165,0.0368205017623195,0.104600545367498,0.208277958746333,0.605901189065976,0.876760486572218,0.0123944488141766,0.0709035380693337,0.131848434778614,0.64747599829388,0.981314982241725,0.220202650821815,0.378955464943933,0.433447080382289,0.348459709123676,0.240018093355599,0.186184190652789,0.363733176186558,0.511034029327126,0.343577770433767,0.172887569308693,0.174808564695224,0.454479793955722,0.636377224252433,0.348403673652721,0.109259748800016,0.0740227892569322,0.423453897366862,0.787432264862847,0.319746901580689,0.0169477156314853,0.716017165174445,0.453666371238847,0.257410398816804,0.112721512107708,0.0639997133600883,0.772235192446359,0.52039107651511,0.238211767050641,0.0871126009239503,0.0338385998496568,0.788370933542457,0.44091966067678,0.155344817001233,0.0456951372813028,0.0139797646277662,0.913582761928891,0.505642564563804,0.0807193003585391,0.0327771001254303,0.00173730212678959,NA,9,36,11,1,6,12,23,13,3,7,10,17,11,2,8,10,22,14,3
55,"Brentford",0.0318526345829134,0.126687044529637,0.416743612929879,0.71839141516148,0.814355820166456,0.0115309753086155,0.122490930806078,0.406856469849703,0.706366534307923,0.856645218982208,0.00442173192875294,0.101862239978556,0.32566039219608,0.699058492693578,0.962959394842209,0.00141155605078418,0.0515688477219821,0.276213672114333,0.756370157167002,0.972434560211907,0.0369296274214263,0.137406679056994,0.232742194747608,0.186845332609678,0.125222212449093,0.0153988306423762,0.137832742094448,0.353211227420077,0.198262180555638,0.0980662611918867,0.00755444686843688,0.163249182211356,0.452416489181156,0.214582847849354,0.0271829778122119,0.00274465527317508,0.100271405979996,0.537074890699871,0.180781905058904,0.020454525031623,0.931217737995661,0.735906276413369,0.350514192322513,0.0947632522288418,0.0604219673844501,0.973070194049009,0.739676327099474,0.23993230273022,0.0953712851364399,0.0452885198259047,0.98802382120281,0.734888577810088,0.221923118622763,0.086358659457069,0.00985762734557923,0.995843788676041,0.848159746298022,0.186711437185796,0.0628479377740942,0.00711091475646989,NA,10,31,11,2,6,11,15,16,10,5,5,13,11,7,9,7,16,15,12
51,"Brighton",0.0567169034746969,0.132355763588051,0.357407603459416,0.652735718347508,0.842641232387757,0.0405085763075495,0.129153643604175,0.327990975307156,0.703205701032417,0.87160987012271,0.0338601962603026,0.0972980711204127,0.219198973792252,0.701475358861477,0.977990182293587,0.0188566353806893,0.0606217451494888,0.190269678525816,0.736538535999679,0.989840817583535,0.149821582663682,0.268498523433739,0.309488917795879,0.228584120836301,0.11544531933039,0.124390809641527,0.270647632847926,0.388225363889427,0.224390589774708,0.0981868580837256,0.113421547901047,0.299851509363766,0.561804466001578,0.244506385033718,0.0184644115021449,0.0693293824122449,0.222885369903829,0.699556365049098,0.227614230563866,0.00877689835079175,0.793461513861621,0.599145712978209,0.333103478744705,0.118680160816191,0.0419134482818529,0.835100614050924,0.600198723547899,0.283783660803417,0.0724037091928747,0.0302032717935641,0.852718255838651,0.602850419515822,0.218996560206169,0.0540182561048046,0.00354540620426751,0.911813982207066,0.716492884946683,0.110173956425086,0.0358472334364548,0.00138228406567306,NA,10,33,9,1,4,15,18,13,4,6,12,12,10,4,5,13,16,12,5
44,"Burnley",0.0314262262933836,0.0700999147517659,0.162533435108678,0.523598870355084,0.724774805362087,0.0181957539260422,0.063427384410502,0.163564172249364,0.486426210657137,0.755462659854681,0.00700646072053341,0.0456434432904108,0.117747824256499,0.66177606333171,0.963467692336115,0.006303496751944,0.0255194427975178,0.116948322772219,0.763413945028953,0.984570474675801,0.0917698236348306,0.175011815427823,0.257508914900837,0.219435786711125,0.132085084715401,0.0632923001267017,0.182121413375505,0.334691572033428,0.243272971075058,0.118760401360121,0.0338966366219714,0.201657740781191,0.490619909526958,0.20112275883468,0.0224937386638495,0.0308443793360557,0.124872178897952,0.57225355580446,0.153317427170243,0.00999896264153757,0.876803950071786,0.754888269820411,0.579957649990485,0.256965342933791,0.143140109922512,0.918511945947256,0.754451202213993,0.501744255717208,0.270300818267805,0.125776938785199,0.959096902657495,0.752698815928398,0.391632266216543,0.137101177833611,0.0140385690000356,0.962852123912,0.84960837830453,0.310798121423321,0.0832686278008041,0.00543056268266114,3,15,33,3,1,12,21,24,7,1,12,11,15,4,1,17,16,16,4,2
49,"Chelsea",0.0843811953075494,0.174511688209518,0.415372570767664,0.66698468502052,0.889557619253757,0.0706324760513169,0.123144036937287,0.395099757903718,0.715389528869111,0.937251819446593,0.00752370257691342,0.0675556824422759,0.147400106750778,0.564896252644172,0.94714253344961,0.00495090343982646,0.0244632875850249,0.141490044764116,0.698015054067894,0.993073739772199,0.167320411019243,0.250805783715772,0.279035323415784,0.205621248660124,0.0726576204157977,0.15458535416723,0.256279071092748,0.339448445948646,0.193610690836535,0.0441654143634421,0.0323691100308404,0.274078806198859,0.586447304614257,0.307376177810445,0.0375030812339598,0.0220101230522111,0.108755902140337,0.629019194935098,0.221260483252685,0.00507478172597901,0.748298393673208,0.57468252807471,0.305592105816552,0.127394066319356,0.0377847603304454,0.774782169781453,0.620576891969966,0.265451796147636,0.0909997802943541,0.0185827661899646,0.960107187392246,0.658365511358865,0.266152588634965,0.127727569545383,0.0153543853164297,0.973038973507962,0.866780810274638,0.229490760300786,0.0807244626794212,0.00185147850182159,1,9,35,10,NA,4,13,19,17,12,3,9,13,9,12,5,8,16,8,12
52,"Crystal Palace",0.0326969208220638,0.103389567422724,0.341478439243263,0.583703603450898,0.821340567358912,0.0175484965504938,0.0931465209453595,0.287307084919203,0.58288193716386,0.872262773910629,0.010712504982873,0.0512540964359349,0.241855160489674,0.761497896835097,0.980134648322929,0.00112409684556151,0.0251797693405777,0.162493934213903,0.730855892779151,0.987984638070498,0.0628990482225927,0.15948352179784,0.303009391347302,0.229312532188451,0.101898173189116,0.042202375313611,0.157274795605639,0.345500640761199,0.231456584511104,0.0745950962606875,0.0317968904999702,0.146056532596963,0.48097216997337,0.189426883955117,0.0161221754173401,0.00477357832147513,0.106928154401043,0.690045101360667,0.221755495673355,0.00989979891398905,0.904404030955344,0.737126910779436,0.355512169409435,0.186983864360651,0.0767612594519718,0.940249128135895,0.749578683449002,0.367192274319598,0.185661478325036,0.0531421298286834,0.957490604517157,0.802689370967102,0.277172669536956,0.0490752192097857,0.00374317625973056,0.994102324832963,0.867892076258379,0.14746096442543,0.0473886115474946,0.00211556301551315,NA,2,30,7,NA,4,9,30,15,3,5,9,17,8,4,8,9,14,9,5
45,"Everton",0.0300784542946875,0.0883639850601182,0.415978154675965,0.706898379775754,0.915782080713435,0.0231762203882549,0.0933776744705254,0.417726597633534,0.736376904104278,0.960542873771509,0.00593556916510904,0.100055794164755,0.249959859310608,0.714102470436471,0.977355321496551,0.00302796496031449,0.0892240341639336,0.276981610448219,0.894360060127053,0.985487846643716,0.0526486687170171,0.141180585973893,0.23616223322279,0.175153268353687,0.0542296274516506,0.0421646258839661,0.162460404606678,0.32193871702098,0.171366597109823,0.0283174186869285,0.0126213978741237,0.209932928880714,0.494324877921534,0.199082629231084,0.0175887303052114,0.00652596156156312,0.19229833401406,0.596959134843221,0.0872214704670768,0.0119819393772954,0.917272876988296,0.770455428965989,0.347859612101244,0.117948351870558,0.0299882918349146,0.934659153727779,0.744161920922797,0.260334685345486,0.0922564987858985,0.0111397075415624,0.981443032960768,0.690011276954531,0.255715262767857,0.0868149003324446,0.00505594819823716,0.990446073478123,0.718477631822007,0.126059254708561,0.0184184694058699,0.00253021397898819,2,8,32,9,NA,8,9,17,15,4,7,9,12,9,5,9,9,13,10,9
36,"Fulham",0.0520882309568392,0.166636953877311,0.408022236919831,0.719930161466702,0.876264899269466,0.0346146969520215,0.176499959422911,0.380203674830916,0.746165905030262,0.900112571137684,0.0255240582761228,0.169244476016357,0.35127420138871,0.798088927258526,0.945696069790059,0.0210841826708753,0.0862534745626717,0.291479316286929,0.908468367042606,0.974942697765057,0.05295540865036,0.138421699808521,0.179876718209385,0.113677285752595,0.0567602391788058,0.0399181777957252,0.150485786553632,0.222342399605436,0.112356376459096,0.0480779778370413,0.0328340722094775,0.18256559926116,0.333737464346042,0.106030058358387,0.0290451895925675,0.0282084987193225,0.115398403851774,0.389969772532212,0.0503790092574801,0.0137915387333826,0.894956360392801,0.694941346314168,0.412101044870784,0.166392552780703,0.0669748615517283,0.925467125252253,0.673014254023458,0.397453925563649,0.141477718510642,0.0518094510252745,0.9416418695144,0.648189924722483,0.314988334265248,0.0958810143830868,0.0252587406173731,0.950707318609802,0.798348121585554,0.318550911180859,0.041152623699914,0.0112657635015602,1,7,32,7,1,11,14,23,11,4,6,8,15,9,6,7,14,17,12,6
63,"Leeds",0.0356177868910864,0.087775688267063,0.248307119285967,0.564673137109831,0.808270659226147,0.0276614968506832,0.0900150835117209,0.217860331716454,0.535121506829967,0.837117734213606,0.0123481895383401,0.0442986118414958,0.117640960615026,0.536013571522631,0.911284454762235,0.00083414107536782,0.0216320585545388,0.098263291775151,0.558813883488001,0.922877491200987,0.129334900917095,0.256311387703809,0.36790526089625,0.272732240758513,0.133307378135578,0.109965606322512,0.269415140106223,0.460756031981236,0.310113463170082,0.116796539140757,0.0708066767021002,0.25054047246019,0.586878549647696,0.344807778976314,0.0693201769159077,0.00603558807119284,0.156522917312934,0.711002933661697,0.347867199227543,0.0608096903534009,0.835047312191818,0.655912924029128,0.383787619817782,0.162594622131656,0.0584219626382745,0.862372896826805,0.640569776382056,0.32138363630231,0.154765029999952,0.0460857266456372,0.91684513375956,0.705160915698314,0.295480489737277,0.119178649501056,0.0193953683218571,0.993130270853439,0.821845024132527,0.190733774563152,0.0933189172844557,0.0163128184456118,1,9,32,6,2,7,13,24,10,7,8,11,18,5,5,7,10,19,7,8
40,"Liverpool",0.0966906266019757,0.197921733211037,0.436405472729391,0.76117063904688,0.836841823919148,0.0749982466143198,0.168777924123999,0.461765965867119,0.742212580885734,0.845802885285601,0.0279421318355268,0.132239726166208,0.318363971311295,0.687417357068042,0.897728176058901,0.0234722349356405,0.0976859189233272,0.265173899689417,0.730217485898016,0.962938967759727,0.105456678377609,0.17764022836537,0.230733213561447,0.141377130456404,0.100111679505775,0.0899887748088033,0.172858210208073,0.271743934859913,0.157405079677087,0.0952249813668846,0.04840712548612,0.20681667106292,0.402960699117808,0.194168380274739,0.0640568165103889,0.0416181449614001,0.17320492682465,0.470174477526921,0.172618872084412,0.0237132995994747,0.797852695020415,0.624438038423594,0.332861313709162,0.0974522304967159,0.0630464965750771,0.835012978576877,0.658363865667928,0.266490099272968,0.100382339437179,0.0589721333475146,0.923650742678353,0.660943602770873,0.278675329570897,0.118414262657218,0.0382150074307105,0.93490962010296,0.729109154252023,0.264651622783662,0.0971636420175724,0.0133477326407978,NA,8,32,4,2,5,12,22,14,10,4,6,13,12,9,4,13,21,16,9
50,"Manchester City",0.0441903493640024,0.143540528485351,0.576192375183521,0.737905408757479,0.910229554691712,0.0229010252665705,0.116670241234924,0.488019831890107,0.73542095705285,0.930636361447081,0.00849671799432339,0.0847679351380696,0.247828116314094,0.690298091230805,0.974482361005468,0.0031616846707971,0.0484791649522223,0.207165624143658,0.764430625996031,0.978922740220697,0.0637678327203858,0.162003954093521,0.243124073702628,0.172897614583092,0.063650521114079,0.0427172352832855,0.164540589928633,0.306302497123073,0.180426690967656,0.0507133653085379,0.0240034067082473,0.216718147915229,0.48570967327993,0.229475602713181,0.0215793405771646,0.0105233600435102,0.161358187333823,0.689530639041429,0.204875451849704,0.0183309614812893,0.892041817915612,0.694455517421128,0.180683551113851,0.0891969766594285,0.0261199241942093,0.934381739450144,0.718789168836444,0.20567767098682,0.0841523519794944,0.0186502732443807,0.967499875297429,0.698513916946701,0.266462210405976,0.0802263060560146,0.00393829841736706,0.986314955285692,0.790162647713955,0.103303736814913,0.0306939221542651,0.00274629829801319,NA,1,32,14,2,1,2,22,24,17,1,5,13,12,18,2,5,11,10,16
33,"Manchester United",0.118898727412346,0.238334493640073,0.466031467032753,0.643490521311623,0.847310188494268,0.0449623006999429,0.248250741173041,0.456737339724606,0.642260109879669,0.890985831461977,0.0137342571332923,0.128246311950568,0.396855565481278,0.644911471737822,0.90964026058065,0.00572434656317203,0.0877733139686378,0.215431439529182,0.716142798947848,0.917818381059776,0.149574730444169,0.276545774650841,0.305825549237775,0.268140630020522,0.123496296591622,0.0709736078400383,0.293539951458646,0.346292524914264,0.271042080296364,0.0925010822854291,0.0367841996335655,0.300526790370304,0.484491687733263,0.300159143978774,0.0791105074346091,0.018335883701203,0.281150216751779,0.690057070653833,0.249662908394518,0.0722817738113912,0.731526542143486,0.485119731709086,0.228142983729473,0.088368848667855,0.0291935149141106,0.884064091460018,0.458209307368313,0.196970135361129,0.0866978098239674,0.016513086252594,0.949481543233142,0.571226897679128,0.118652746785459,0.0549293842834041,0.011249231984741,0.975939769735625,0.631076469279583,0.0945114898169842,0.0341942926576345,0.00989984512883261,1,8,31,10,NA,1,14,26,21,4,2,8,14,18,7,2,9,17,20,10
34,"Newcastle",0.0758369165455275,0.162776247299188,0.386423172047281,0.610407796141106,0.786949197642275,0.0572070599554573,0.122215435561143,0.325994131470396,0.560100288404266,0.847344940261096,0.00694595474180236,0.067337105145111,0.356224208783635,0.709613050074902,0.954420513609513,0.00272170328872118,0.0609661536673544,0.206831890566753,0.813691504310653,0.967431933915487,0.0855678428898444,0.152672545625829,0.204663211002719,0.164115691408408,0.0930557458636917,0.0711882637321335,0.145611391930805,0.244083654793563,0.185724603119268,0.0687457644931308,0.0136481599859382,0.126024838156516,0.345692257374504,0.158356656914198,0.0251398134874055,0.00578761513980967,0.129642579131737,0.43982141117302,0.103310338014173,0.0180593907068477,0.838595240564628,0.684551207074983,0.40891361695,0.225476512450486,0.119995056494033,0.871604676312409,0.732173172508052,0.42992221373604,0.254175108476466,0.0839092952457726,0.97940588527226,0.806638056698373,0.298083533841861,0.132030293010901,0.0204396729030811,0.991490681571469,0.809391267200909,0.353346698260227,0.0829981576751743,0.0145086753776654,NA,5,32,11,3,1,14,27,15,5,1,10,15,12,3,5,17,18,14,5
65,"Nottingham Forest",0.0201813731595082,0.108011686872543,0.264409967757706,0.685671556266345,0.917107434826865,0.00678352869480794,0.0753890466041189,0.218090702492747,0.758654598504629,0.966700837375548,0.00294703591698464,0.020627713597577,0.192405221801641,0.782573391818512,0.985513529188344,0.000302034938663093,0.0131687233257108,0.0918475920517784,0.787838340878551,0.992799943694973,0.0419643836595069,0.163491805081568,0.270304008781789,0.154560640477939,0.0447543406097188,0.0234263024256331,0.152224703661561,0.340897041080264,0.136842043970611,0.0212244192093858,0.0162237602512556,0.109641700682035,0.549302287651136,0.15973276425977,0.0107696339916154,0.00224858643179155,0.0980383684261116,0.683785956004007,0.159745392557531,0.00542122372932799,0.937854243180985,0.728496508045889,0.465286023460506,0.159767803255715,0.0381382245634161,0.969790168879559,0.77238624973432,0.441012256426989,0.10450335752476,0.0120747434150662,0.98082920383176,0.869730585720388,0.258292490547222,0.0576938439217183,0.00371683682004069,0.997449378629545,0.888792908248178,0.224366451944214,0.0524162665639172,0.00177883257569855,1,8,34,5,NA,7,16,27,7,4,7,8,13,5,4,15,10,12,5,10
746,"Sunderland",0.0641583184415337,0.158318834085636,0.345168016367642,0.714173103787651,0.908496761386066,0.0226638539204038,0.156045603114031,0.348810575919407,0.72080154180387,0.950137545157155,0.0106027383018311,0.086184317438538,0.332759257354161,0.825449089483084,0.985366870973473,0.00855384007222159,0.0689338876408445,0.191425469436308,0.884280132152036,0.993866438099931,0.106913494417394,0.227549731978603,0.32171559137945,0.189003795116133,0.0627944194412276,0.0537517626107599,0.244502447427789,0.396656487208963,0.189463841975114,0.0357495532251765,0.0365030304730498,0.221949799805669,0.487382202961893,0.139955720162312,0.012136816097927,0.0314758590152378,0.253658393240446,0.704394872598791,0.100810102827614,0.00534329166930817,0.828928187141072,0.61413143393576,0.333116392252908,0.0968231010962156,0.0287088191727057,0.923584383468836,0.599451949458179,0.25453293687163,0.0897346162210155,0.0141129016176679,0.952894231225119,0.691865882755793,0.179858539683945,0.0345951903546045,0.00249631292859945,0.95997030091254,0.677407719118709,0.104179657964901,0.0149097650203499,0.000790270230760597,2,10,32,4,NA,4,12,25,7,1,9,9,19,9,3,9,8,15,10,4
47,"Tottenham",0.0239295573400401,0.045449359147189,0.247736915207597,0.574985074364073,0.885405935491896,0.0206468757084411,0.0423460562866605,0.20668573983301,0.613144887630473,0.951924691447858,0.00791456239857406,0.0346147512629132,0.0844729018004302,0.595339526746006,0.973630432647213,0.00392025703633858,0.0285371651909941,0.0670538257882076,0.619214771828825,0.985316764980546,0.16331433675653,0.258003188865975,0.280842754153875,0.207556774780249,0.0620311175990289,0.148870274570344,0.270646173807295,0.322033434715708,0.201934417844651,0.0308470482030531,0.0774164748710152,0.316042720430622,0.594960056373586,0.300046352042427,0.0198854202486292,0.0417183718706322,0.303685206999455,0.713569649553823,0.291245936080868,0.0112305630879512,0.81275610590343,0.696547451986836,0.471420330638528,0.217458150855677,0.0525629469090748,0.830482849721215,0.687007769906045,0.471280825451282,0.184920694524876,0.0172282603490885,0.914668962730411,0.649342528306465,0.320567041825984,0.104614121211567,0.00648414710415737,0.954361371093029,0.667777627809551,0.219376524657969,0.0895392920903072,0.00345267193150285,1,8,32,7,NA,9,22,22,12,5,7,18,7,3,7,11,18,15,4,6
48,"West Ham",0.0131073147035353,0.0661085460977257,0.256328903875645,0.501981398388549,0.748337179657933,0.00683085309106544,0.0743223740175307,0.197496989090416,0.500675198383492,0.777510890597728,0.00305665619715127,0.0409840314418384,0.192015231092842,0.551163715257545,0.859481742724993,0.0023047919301861,0.0239630572741408,0.152387419384069,0.713476358655976,0.949913605112098,0.0306723904612962,0.130394261539493,0.261397483107325,0.247023731156782,0.146177916493909,0.0188632215178255,0.153548697222107,0.339640720105014,0.271021837889157,0.134235648968042,0.0113314679422571,0.124415731517661,0.492694893920808,0.292228929711303,0.0937333554399814,0.00908970941322932,0.0945062434581343,0.600990198851162,0.203156376067205,0.0355131968446528,0.956220294835169,0.803497192362781,0.48227361301703,0.250994870454669,0.105484903848159,0.974305925391109,0.772128928760363,0.462862290804569,0.228302963727351,0.0882534604342302,0.985611875860592,0.834600237040501,0.31528987498635,0.156607355031152,0.0467849018350258,0.988605498656585,0.881530699267725,0.246622381764769,0.0833672652768192,0.0145731980432486,2,8,33,10,2,11,14,22,10,5,13,8,15,8,4,13,9,15,9,6
39,"Wolves",0.0175409114363933,0.0420688405887866,0.133810799103668,0.531956697943278,0.826228078036198,0.0137993629216214,0.0356901636579404,0.121190943097181,0.535370694496146,0.889286230913252,0.00422213759948186,0.0251541991097196,0.115346151471931,0.547209147244144,0.943652774158048,0.00193221310240005,0.021595322909177,0.0992281687171985,0.561210399462323,0.971383286921456,0.0749343392234232,0.150310492569346,0.25986772025696,0.256580212741627,0.104470280032315,0.0634362819333672,0.147245038329606,0.346124424045367,0.265511748809684,0.0718752944517482,0.0267699510100126,0.148108239867867,0.472683891326387,0.329652207674369,0.0421299354991737,0.0134957916562531,0.150835318511065,0.693071944173983,0.337613534267476,0.0220182739739658,0.907524749340184,0.807620666841868,0.606321480639372,0.211463089315095,0.0693016419314874,0.922764355145012,0.817064798012453,0.532684632857452,0.19911755669417,0.038838474635,0.969007911390506,0.826737561022413,0.411969957201682,0.123138645081487,0.0142172903427782,0.984571995241347,0.827569358579758,0.207699887108819,0.101176066270201,0.00659843910457834,1,13,32,3,NA,11,21,20,4,2,13,16,13,3,1,14,15,13,5,2
